{
  "models": {
    "BlendMask-R50": {
      "mAP": 88.47115557872011,
      "AP": 88.47115557872011,
      "AP50": 98.99063453107958,
      "AP75": 97.92910780930967,
      "APs": 74.75106982120717,
      "APm": 90.38295023270861,
      "APl": 94.04596888260254,
      "inference_time_mean_ms": 30.914904223755002,
      "inference_time_min_ms": 30.60416178777814,
      "inference_time_std_ms": 0.7461806331549602,
      "final_iter": 39999,
      "final_total_loss": 0.6781,
      "inference_detections": 28
    },
    "MaskRCNN-R50": {
      "mAP": 86.05392101760681,
      "AP": 86.05392101760681,
      "AP50": 98.98029667415894,
      "AP75": 97.57221897773007,
      "APs": 75.50513076119908,
      "APm": 88.2308946285304,
      "APl": 79.36620969789287,
      "inference_time_mean_ms": 29.580990225076675,
      "inference_time_min_ms": 29.415410943329334,
      "inference_time_std_ms": 0.1695139538971944,
      "final_iter": 39999,
      "final_total_loss": 0.1415,
      "inference_detections": 28
    },
    "TensorMask-R50": {
      "mAP": 84.4721,
      "AP": 84.4721,
      "AP50": 98.9783,
      "AP75": 96.6645,
      "APs": 65.1589,
      "APm": 87.1934,
      "APl": 92.8789,
      "inference_time_mean_ms": -1,
      "inference_time_min_ms": -1,
      "inference_time_std_ms": -1,
      "final_iter": 39999,
      "final_total_loss": 0.0666,
      "inference_detections": -1,
      "note": "Metrics extracted from training log (step6_tensormask_R50/log.txt) @ iter 39999. Best segm/AP=84.476 @ iter 29999."
    }
  }
}